pool_id,pool_label,treated_code,treated_name,treatment_status,unit_role,outcome_type,industry,att_index_pts,pre_mspe,n_donors,base_value,att_pct,att_raw
P1,All Australia (exc. Greater Sydney),117031330,Erskineville - Alexandria,Spillover,spillover,Employment,Accommodation and food services,-6.24442930354536,4.0989605172955255,1843,1.029,-0.062444293035453596,-0.06425517753348174
P1,All Australia (exc. Greater Sydney),117031330,Erskineville - Alexandria,Spillover,spillover,Employment,Arts and recreation services,16.613658508883624,1.0503695878466264,1627,0.386,0.16613658508883625,0.06412872184429079
P1,All Australia (exc. Greater Sydney),117031330,Erskineville - Alexandria,Spillover,spillover,Employment,Retail trade,4.360239997595897,4.158123390780681,1846,1.006,0.04360239997595897,0.043864014375814726
P1,All Australia (exc. Greater Sydney),117031330,Erskineville - Alexandria,Spillover,spillover,Employment,Total,-6.97704857738654,5.980030633000392e-4,1872,15.747,-0.06977048577386541,-1.0986758394810585
P1,All Australia (exc. Greater Sydney),117031330,Erskineville - Alexandria,Spillover,spillover,Median income,Accommodation and food services,-9.567356996490616,19.698815473373344,1844,11146,-0.09567356996490617,-1066.3776108288441
P1,All Australia (exc. Greater Sydney),117031330,Erskineville - Alexandria,Spillover,spillover,Median income,Arts and recreation services,-8.028842570763532,344.09701009933207,1632,17284,-0.08028842570763532,-1387.7051499307688
P1,All Australia (exc. Greater Sydney),117031330,Erskineville - Alexandria,Spillover,spillover,Median income,Retail trade,-10.53998627766022,0.12902631842724716,1849,21738.5,-0.1053998627766022,-2291.234916969167
P1,All Australia (exc. Greater Sydney),117031330,Erskineville - Alexandria,Spillover,spillover,Median income,Total,-2.6719036365904523,1.7374687840891343,1870,38620,-0.026719036365904524,-1031.8891844512327
P1,All Australia (exc. Greater Sydney),117031330,Erskineville - Alexandria,Spillover,spillover,Population,Population,-14.731807390734565,0.02877347216208709,1874,15204,-0.14731807390734564,-2239.823995687283
P1,All Australia (exc. Greater Sydney),117031330,Erskineville - Alexandria,Spillover,spillover,Rent,Rent (monthly avg),10.028237267229752,NA,NA,2037,0.10028237267229752,204.27519313347005
P1,All Australia (exc. Greater Sydney),117031331,Glebe - Forest Lodge,Spillover,spillover,Employment,Accommodation and food services,-7.636929339740971,2.9857981965805394,1843,1.445,-0.07636929339740971,-0.11035362895925703
P1,All Australia (exc. Greater Sydney),117031331,Glebe - Forest Lodge,Spillover,spillover,Employment,Arts and recreation services,8.519528238265567,2.1915575133941108,1627,0.4,0.08519528238265567,0.03407811295306227
P1,All Australia (exc. Greater Sydney),117031331,Glebe - Forest Lodge,Spillover,spillover,Employment,Retail trade,-3.6243130979248974,1.154156699988512,1846,1.09,-0.03624313097924897,-0.03950501276738138
P1,All Australia (exc. Greater Sydney),117031331,Glebe - Forest Lodge,Spillover,spillover,Employment,Total,-2.12546939052073,0.01478526092580694,1872,16.791,-0.0212546939052073,-0.3568875653623358
P1,All Australia (exc. Greater Sydney),117031331,Glebe - Forest Lodge,Spillover,spillover,Median income,Accommodation and food services,-10.708581391328964,0.311765264693536,1842,6388,-0.10708581391328964,-684.0641792780942
P1,All Australia (exc. Greater Sydney),117031331,Glebe - Forest Lodge,Spillover,spillover,Median income,Arts and recreation services,0.1434580932503072,169.64806096241358,1632,9712.5,0.001434580932503072,13.933367306936086
P1,All Australia (exc. Greater Sydney),117031331,Glebe - Forest Lodge,Spillover,spillover,Median income,Retail trade,-11.99607369282081,0.04481998432361377,1849,12912.5,-0.11996073692820809,-1548.993015585487
P1,All Australia (exc. Greater Sydney),117031331,Glebe - Forest Lodge,Spillover,spillover,Median income,Total,-5.524873167425459,1.883399428980575,1870,22502,-0.055248731674254585,-1243.2069601340768
P1,All Australia (exc. Greater Sydney),117031331,Glebe - Forest Lodge,Spillover,spillover,Population,Population,-4.871124750575504,0.00347628171339494,1874,18118,-0.04871124750575504,-882.5503823092698
P1,All Australia (exc. Greater Sydney),117031331,Glebe - Forest Lodge,Spillover,spillover,Rent,Rent (monthly avg),13.878167985740024,NA,NA,1653,0.13878167985740025,229.40611680428262
P1,All Australia (exc. Greater Sydney),117031332,Newtown - Camperdown - Darlington,Spillover,spillover,Employment,Accommodation and food services,4.365812088921167,1.0630975313906337,1845,2.066,0.04365812088921167,0.09019767775711131
P1,All Australia (exc. Greater Sydney),117031332,Newtown - Camperdown - Darlington,Spillover,spillover,Employment,Arts and recreation services,12.176410656530743,7.920670712954511,1627,0.604,0.12176410656530744,0.07354552036544569
P1,All Australia (exc. Greater Sydney),117031332,Newtown - Camperdown - Darlington,Spillover,spillover,Employment,Retail trade,0.20374110870492976,1.3921469089572382,1849,1.592,0.0020374110870492977,0.003243558450582482
P1,All Australia (exc. Greater Sydney),117031332,Newtown - Camperdown - Darlington,Spillover,spillover,Employment,Total,-5.87787357888632,1.1452444093855207,1872,23.102,-0.0587787357888632,-1.3579063541943177
P1,All Australia (exc. Greater Sydney),117031332,Newtown - Camperdown - Darlington,Spillover,spillover,Median income,Accommodation and food services,-14.409653503559175,15.568277662502089,1844,6994,-0.14409653503559175,-1007.8111660389287
P1,All Australia (exc. Greater Sydney),117031332,Newtown - Camperdown - Darlington,Spillover,spillover,Median income,Arts and recreation services,-6.870250633629634,32.799666923367276,1632,9081,-0.06870250633629633,-623.8874600399071
P1,All Australia (exc. Greater Sydney),117031332,Newtown - Camperdown - Darlington,Spillover,spillover,Median income,Retail trade,-9.14632344459303,2.888664534481434,1849,14395,-0.0914632344459303,-1316.6132598491665
P1,All Australia (exc. Greater Sydney),117031332,Newtown - Camperdown - Darlington,Spillover,spillover,Median income,Total,-4.832626462603957,32.079641763604315,1873,22462,-0.048326264626039575,-1085.504556030101
P1,All Australia (exc. Greater Sydney),117031332,Newtown - Camperdown - Darlington,Spillover,spillover,Population,Population,-8.01067421694107,0.00214684850647111,1874,23418,-0.08010674216941069,-1875.9396881232594
P1,All Australia (exc. Greater Sydney),117031332,Newtown - Camperdown - Darlington,Spillover,spillover,Rent,Rent (monthly avg),3.255869723079922,NA,NA,1888,0.03255869723079922,61.47082037174892
P1,All Australia (exc. Greater Sydney),117031335,Redfern - Chippendale,Spillover,spillover,Employment,Accommodation and food services,-0.8920728671444588,3.2708578978583183,1843,2.596,-0.008920728671444588,-0.023158211631070152
P1,All Australia (exc. Greater Sydney),117031335,Redfern - Chippendale,Spillover,spillover,Employment,Arts and recreation services,4.519922865084119,23.11615682010929,1627,0.487,0.045199228650841194,0.02201202435295966
P1,All Australia (exc. Greater Sydney),117031335,Redfern - Chippendale,Spillover,spillover,Employment,Retail trade,7.400677872595177,0.35566636627109427,1847,1.378,0.07400677872595178,0.10198134108436155
P1,All Australia (exc. Greater Sydney),117031335,Redfern - Chippendale,Spillover,spillover,Employment,Total,-8.132857671623377,0.1025431515168192,1872,19.723,-0.08132857671623377,-1.6040435185742785
P1,All Australia (exc. Greater Sydney),117031335,Redfern - Chippendale,Spillover,spillover,Median income,Accommodation and food services,-6.397497754697409,0.16103618468688863,1844,6499,-0.0639749775469741,-415.7733790777846
P1,All Australia (exc. Greater Sydney),117031335,Redfern - Chippendale,Spillover,spillover,Median income,Arts and recreation services,-9.943053657859238,0.01954120393301973,1632,10650.5,-0.09943053657859238,-1058.9849298302981
P1,All Australia (exc. Greater Sydney),117031335,Redfern - Chippendale,Spillover,spillover,Median income,Retail trade,-14.312114480456094,28.109950176977215,1849,13524,-0.14312114480456095,-1935.5703623368822
P1,All Australia (exc. Greater Sydney),117031335,Redfern - Chippendale,Spillover,spillover,Median income,Total,-5.415256096678472,12.820258610670514,1873,17035.5,-0.05415256096678472,-922.515952349661
P1,All Australia (exc. Greater Sydney),117031335,Redfern - Chippendale,Spillover,spillover,Population,Population,-26.70882313745845,0.4293012810111938,1874,18872,-0.2670882313745845,-5040.489102501158
P1,All Australia (exc. Greater Sydney),117031335,Redfern - Chippendale,Spillover,spillover,Rent,Rent (monthly avg),19.304387363543107,NA,NA,1615,0.19304387363543107,311.7658559212212
P1,All Australia (exc. Greater Sydney),117031338,Waterloo - Beaconsfield,Spillover,spillover,Employment,Accommodation and food services,-1.3726839272754958,3.412631504472404,1839,1.883,-0.013726839272754959,-0.02584763835059759
P1,All Australia (exc. Greater Sydney),117031338,Waterloo - Beaconsfield,Spillover,spillover,Employment,Arts and recreation services,26.79261768353087,9.335802797706483,1620,0.379,0.2679261768353087,0.101544021020582
P1,All Australia (exc. Greater Sydney),117031338,Waterloo - Beaconsfield,Spillover,spillover,Employment,Retail trade,-2.621268480652309,0.9342466014888492,1839,1.687,-0.02621268480652309,-0.044220799268604456
P1,All Australia (exc. Greater Sydney),117031338,Waterloo - Beaconsfield,Spillover,spillover,Employment,Total,-7.836487997482339,7.040236835875827,1868,20.593,-0.07836487997482339,-1.613767973321538
P1,All Australia (exc. Greater Sydney),117031338,Waterloo - Beaconsfield,Spillover,spillover,Median income,Accommodation and food services,-10.45245329547467,0.4491009486945028,1842,8793,-0.1045245329547467,-919.0842182710877
P1,All Australia (exc. Greater Sydney),117031338,Waterloo - Beaconsfield,Spillover,spillover,Median income,Arts and recreation services,-8.162863991729573,20.33353788181699,1632,13500,-0.08162863991729573,-1101.9866388834923
P1,All Australia (exc. Greater Sydney),117031338,Waterloo - Beaconsfield,Spillover,spillover,Median income,Retail trade,-11.078023568109082,5.296830943483869,1849,17364,-0.11078023568109081,-1923.5880123664608
P1,All Australia (exc. Greater Sydney),117031338,Waterloo - Beaconsfield,Spillover,spillover,Median income,Total,-4.0885701044660605,4.77809011506724,1873,26808,-0.040885701044660605,-1096.0638736052615
P1,All Australia (exc. Greater Sydney),117031338,Waterloo - Beaconsfield,Spillover,spillover,Population,Population,-40.70750012559111,1.7289572138779778,1874,24217,-0.4070750012559111,-9858.1353054144
P1,All Australia (exc. Greater Sydney),117031338,Waterloo - Beaconsfield,Spillover,spillover,Rent,Rent (monthly avg),20.642794780112137,NA,NA,1693,0.20642794780112136,349.4825156272985
P1,All Australia (exc. Greater Sydney),118011341,Bondi Junction - Waverly,Spillover,spillover,Employment,Accommodation and food services,17.66509190950454,13.855399574902057,1845,1.469,0.1766509190950454,0.2595002001506217
P1,All Australia (exc. Greater Sydney),118011341,Bondi Junction - Waverly,Spillover,spillover,Employment,Arts and recreation services,0.8329433339194594,1.316606882310351,1631,0.315,0.008329433339194593,0.0026237715018462967
P1,All Australia (exc. Greater Sydney),118011341,Bondi Junction - Waverly,Spillover,spillover,Employment,Retail trade,-7.075646395590465,0.14489631780062756,1846,1.022,-0.07075646395590465,-0.07231310616293456
P1,All Australia (exc. Greater Sydney),118011341,Bondi Junction - Waverly,Spillover,spillover,Employment,Total,-3.458501510721964,4.601689716479029,1872,16.222,-0.03458501510721964,-0.561038115069317
P1,All Australia (exc. Greater Sydney),118011341,Bondi Junction - Waverly,Spillover,spillover,Median income,Accommodation and food services,-16.368759549799137,76.25593799132756,1845,6461,-0.16368759549799136,-1057.585554512522
P1,All Australia (exc. Greater Sydney),118011341,Bondi Junction - Waverly,Spillover,spillover,Median income,Arts and recreation services,-22.33907876821536,27.26315742600228,1632,12327,-0.2233907876821536,-2753.738239757907
P1,All Australia (exc. Greater Sydney),118011341,Bondi Junction - Waverly,Spillover,spillover,Median income,Retail trade,-23.213715862205262,88.69999945690108,1831,18250,-0.23213715862205261,-4236.5031448524605
P1,All Australia (exc. Greater Sydney),118011341,Bondi Junction - Waverly,Spillover,spillover,Median income,Total,-10.57143763726401,6.595021531205907,1872,21152,-0.1057143763726401,-2236.0704890340835
P1,All Australia (exc. Greater Sydney),118011341,Bondi Junction - Waverly,Spillover,spillover,Population,Population,-2.9019895617106735,0.015285303000286,1874,17195,-0.029019895617106734,-498.9971051361503
P1,All Australia (exc. Greater Sydney),118011341,Bondi Junction - Waverly,Spillover,spillover,Rent,Rent (monthly avg),11.361374411315577,NA,NA,2050,0.11361374411315577,232.9081754319693
P1,All Australia (exc. Greater Sydney),118011345,Paddington - Moore Park,Spillover,spillover,Employment,Accommodation and food services,-5.606144537584679,0.3467821680334038,1844,1.107,-0.056061445375846786,-0.06206002003106239
P1,All Australia (exc. Greater Sydney),118011345,Paddington - Moore Park,Spillover,spillover,Employment,Arts and recreation services,5.814778876058194,2.447886050964425,1622,0.292,0.058147788760581944,0.016979154318089926
P1,All Australia (exc. Greater Sydney),118011345,Paddington - Moore Park,Spillover,spillover,Employment,Retail trade,-8.528913399266818,3.5753463825231715,1846,0.934,-0.08528913399266819,-0.07966005114915209
P1,All Australia (exc. Greater Sydney),118011345,Paddington - Moore Park,Spillover,spillover,Employment,Total,-6.948044047218723,0.7976620010114776,1874,14.317,-0.06948044047218722,-0.9947514662403045
P1,All Australia (exc. Greater Sydney),118011345,Paddington - Moore Park,Spillover,spillover,Median income,Accommodation and food services,-6.696166182363645,1.0936759530567808,1845,7696,-0.06696166182363644,-515.336949394706
P1,All Australia (exc. Greater Sydney),118011345,Paddington - Moore Park,Spillover,spillover,Median income,Arts and recreation services,-6.422877812661206,129.9776182587069,1632,15659,-0.06422877812661205,-1005.7584366846181
P1,All Australia (exc. Greater Sydney),118011345,Paddington - Moore Park,Spillover,spillover,Median income,Retail trade,-10.89107523045864,8.528081117959093,1849,18079,-0.1089107523045864,-1968.9974909146174
P1,All Australia (exc. Greater Sydney),118011345,Paddington - Moore Park,Spillover,spillover,Median income,Total,-1.767179649456357,2.4570858865020258,1872,31797,-0.01767179649456357,-561.9101131376378
P1,All Australia (exc. Greater Sydney),118011345,Paddington - Moore Park,Spillover,spillover,Population,Population,-1.510059911836502,0.00511101209205205,1870,15672,-0.015100599118365018,-236.65658938301658
P1,All Australia (exc. Greater Sydney),118011345,Paddington - Moore Park,Spillover,spillover,Rent,Rent (monthly avg),12.169096577760342,NA,NA,2032,0.12169096577760342,247.27604246009017
P1,All Australia (exc. Greater Sydney),120021387,Balmain,Spillover,spillover,Employment,Accommodation and food services,-17.569562736718414,4.436282422542348,1843,0.655,-0.17569562736718414,-0.11508063592550562
P1,All Australia (exc. Greater Sydney),120021387,Balmain,Spillover,spillover,Employment,Arts and recreation services,-6.368065021732605,22.16775859973919,1624,0.294,-0.06368065021732605,-0.018722111163893856
P1,All Australia (exc. Greater Sydney),120021387,Balmain,Spillover,spillover,Employment,Retail trade,-14.996821431097402,3.5281073046596663,1844,0.662,-0.149968214310974,-0.0992789578738648
P1,All Australia (exc. Greater Sydney),120021387,Balmain,Spillover,spillover,Employment,Total,-14.360567225594684,2.0916023466462863,1872,13.266,-0.14360567225594684,-1.9050728481473906
P1,All Australia (exc. Greater Sydney),120021387,Balmain,Spillover,spillover,Median income,Accommodation and food services,2.7564764139196876,4.60819428326719,1845,9195,0.027564764139196875,253.45800625991527
P1,All Australia (exc. Greater Sydney),120021387,Balmain,Spillover,spillover,Median income,Arts and recreation services,-15.778412251298136,0.5794826453387278,1632,13773,-0.15778412251298135,-2173.160719371292
P1,All Australia (exc. Greater Sydney),120021387,Balmain,Spillover,spillover,Median income,Retail trade,-9.441411553536009,22.751903934071493,1849,19269,-0.09441411553536008,-1819.2655922508534
P1,All Australia (exc. Greater Sydney),120021387,Balmain,Spillover,spillover,Median income,Total,1.575593626934148,0.02175205810957467,1872,42573,0.015755936269341478,670.7774747946747
P1,All Australia (exc. Greater Sydney),120021387,Balmain,Spillover,spillover,Population,Population,-0.9016996273732616,0.01106974242275353,1870,15886,-0.009016996273732616,-143.24400280451633
P1,All Australia (exc. Greater Sydney),120021387,Balmain,Spillover,spillover,Rent,Rent (monthly avg),10.02047782004152,NA,NA,1953,0.1002047782004152,195.69993182541089
P1,All Australia (exc. Greater Sydney),120021388,Leichhardt - Annandale,Spillover,spillover,Employment,Accommodation and food services,-6.761874765913686,16.03409625276535,1844,1.311,-0.06761874765913686,-0.08864817818112843
P1,All Australia (exc. Greater Sydney),120021388,Leichhardt - Annandale,Spillover,spillover,Employment,Arts and recreation services,2.369737483397086,8.968602220361802,1624,0.534,0.02369737483397086,0.01265439816134044
P1,All Australia (exc. Greater Sydney),120021388,Leichhardt - Annandale,Spillover,spillover,Employment,Retail trade,-4.3805121309181985,0.2996456820409419,1846,1.35,-0.04380512130918199,-0.05913691376739569
P1,All Australia (exc. Greater Sydney),120021388,Leichhardt - Annandale,Spillover,spillover,Employment,Total,-7.07383217265258,0.10809302765162727,1874,22.014,-0.07073832172652579,-1.5572334144877387
P1,All Australia (exc. Greater Sydney),120021388,Leichhardt - Annandale,Spillover,spillover,Median income,Accommodation and food services,-3.822459311412407,4.913309469282217,1845,8149.5,-0.038224593114124066,-311.5113215835541
P1,All Australia (exc. Greater Sydney),120021388,Leichhardt - Annandale,Spillover,spillover,Median income,Arts and recreation services,9.35580223632443,147.93936029176237,1632,12441,0.09355802236324431,1163.9553562211224
P1,All Australia (exc. Greater Sydney),120021388,Leichhardt - Annandale,Spillover,spillover,Median income,Retail trade,-10.819870433607832,24.107867142134904,1849,16755,-0.10819870433607832,-1812.8692911509922
P1,All Australia (exc. Greater Sydney),120021388,Leichhardt - Annandale,Spillover,spillover,Median income,Total,1.5466295913752124,13.036388291242488,1872,34476,0.015466295913752124,533.2160179225182
P1,All Australia (exc. Greater Sydney),120021388,Leichhardt - Annandale,Spillover,spillover,Population,Population,-1.7564905915288616,0.00796768647233083,1871,26300,-0.017564905915288614,-461.9570255720906
P1,All Australia (exc. Greater Sydney),120021388,Leichhardt - Annandale,Spillover,spillover,Rent,Rent (monthly avg),7.103944170718886,NA,NA,1899,0.07103944170718886,134.90389980195164
P1,All Australia (exc. Greater Sydney),120021389,Lilyfield - Rozelle,Spillover,spillover,Employment,Accommodation and food services,-8.470973003889787,16.947181616667784,1843,0.648,-0.08470973003889787,-0.05489190506520582
P1,All Australia (exc. Greater Sydney),120021389,Lilyfield - Rozelle,Spillover,spillover,Employment,Arts and recreation services,0.7128894465338907,1.3449849997592342,1631,0.266,0.007128894465338907,0.0018962859277801495
P1,All Australia (exc. Greater Sydney),120021389,Lilyfield - Rozelle,Spillover,spillover,Employment,Retail trade,-3.0868444255415377,4.494783865860077,1846,0.623,-0.030868444255415378,-0.01923104077112378
P1,All Australia (exc. Greater Sydney),120021389,Lilyfield - Rozelle,Spillover,spillover,Employment,Total,-5.060197950346809,1.3825467108704703,1874,11.495,-0.05060197950346809,-0.5816697543923657
P1,All Australia (exc. Greater Sydney),120021389,Lilyfield - Rozelle,Spillover,spillover,Median income,Accommodation and food services,-2.5173982452455044,169.44723970645583,1845,8382,-0.025173982452455043,-211.00832091647817
P1,All Australia (exc. Greater Sydney),120021389,Lilyfield - Rozelle,Spillover,spillover,Median income,Arts and recreation services,-15.73997589946934,610.7857523181099,1632,13288,-0.15739975899469338,-2091.5279975214858
P1,All Australia (exc. Greater Sydney),120021389,Lilyfield - Rozelle,Spillover,spillover,Median income,Retail trade,-19.8077875749393,2.065143771526986,1849,19070,-0.198077875749393,-3777.3450905409245
P1,All Australia (exc. Greater Sydney),120021389,Lilyfield - Rozelle,Spillover,spillover,Median income,Total,3.013171074591407,8.807497057158145,1872,39388,0.030131710745914073,1186.8278228600634
P1,All Australia (exc. Greater Sydney),120021389,Lilyfield - Rozelle,Spillover,spillover,Population,Population,-0.9303882591397278,0.01450890301006869,1870,14031,-0.009303882591397278,-130.5427766398952
P1,All Australia (exc. Greater Sydney),120021389,Lilyfield - Rozelle,Spillover,spillover,Rent,Rent (monthly avg),13.565665306907725,NA,NA,1965,0.13565665306907726,266.56532328073683
P1,All Australia (exc. Greater Sydney),117031329,Darlinghurst,Full,treated,Employment,Accommodation and food services,-12.4475328826046,4.1736687212054235,1843,1.76,-0.124475328826046,-0.21907657873384098
P1,All Australia (exc. Greater Sydney),117031329,Darlinghurst,Full,treated,Employment,Retail trade,-5.803047910292712,8.89811570112241,1846,0.804,-0.058030479102927114,-0.046656505198753404
P1,All Australia (exc. Greater Sydney),117031329,Darlinghurst,Full,treated,Employment,Total,-4.223461497829983,0.4754227099668874,1874,13.419,-0.04223461497829983,-0.5667462983938054
P1,All Australia (exc. Greater Sydney),117031329,Darlinghurst,Full,treated,Median income,Accommodation and food services,-3.634435364474508,5.942950377401228,1844,7085,-0.03634435364474508,-257.4997455730189
P1,All Australia (exc. Greater Sydney),117031329,Darlinghurst,Full,treated,Median income,Retail trade,5.982376738561818,13.4587536611845,1849,15451,0.05982376738561818,924.3370298751865
P1,All Australia (exc. Greater Sydney),117031329,Darlinghurst,Full,treated,Median income,Total,1.7837997900941929,6.898762061307778,1873,19963,0.01783799790094193,356.0999520965037
P1,All Australia (exc. Greater Sydney),117031329,Darlinghurst,Full,treated,Population,Population,-20.963459191175502,0.0492956844381866,1874,11251,-0.20963459191175501,-2358.5987935991557
P1,All Australia (exc. Greater Sydney),117031329,Darlinghurst,Full,treated,Rent,Rent (monthly avg),9.507405968680633,NA,NA,1967,0.09507405968680632,187.01067540394803
P1,All Australia (exc. Greater Sydney),117031333,Potts Point - Woolloomooloo,Full,treated,Employment,Accommodation and food services,-13.088402529256289,0.22234218697281485,1845,2.951,-0.13088402529256288,-0.38623875863835305
P1,All Australia (exc. Greater Sydney),117031333,Potts Point - Woolloomooloo,Full,treated,Employment,Arts and recreation services,-2.6023986903731875,22.21453589521783,1627,0.511,-0.026023986903731876,-0.013298257307806989
P1,All Australia (exc. Greater Sydney),117031333,Potts Point - Woolloomooloo,Full,treated,Employment,Retail trade,-7.678784781704077,4.16491122576106,1846,1.415,-0.07678784781704077,-0.1086548046611127
P1,All Australia (exc. Greater Sydney),117031333,Potts Point - Woolloomooloo,Full,treated,Employment,Total,-5.271189760416415,0.9748650758093726,1874,24.612,-0.05271189760416415,-1.297345223833688
P1,All Australia (exc. Greater Sydney),117031333,Potts Point - Woolloomooloo,Full,treated,Median income,Accommodation and food services,-2.331060195885103,5.828294562137177,1841,6693,-0.02331060195885103,-156.01785891058995
P1,All Australia (exc. Greater Sydney),117031333,Potts Point - Woolloomooloo,Full,treated,Median income,Arts and recreation services,0.745749222634205,49.9869735032129,1632,10369,0.00745749222634205,77.32673689494071
P1,All Australia (exc. Greater Sydney),117031333,Potts Point - Woolloomooloo,Full,treated,Median income,Retail trade,6.111082378457233,11.076299935693132,1849,14126,0.06111082378457233,863.2514967808688
P1,All Australia (exc. Greater Sydney),117031333,Potts Point - Woolloomooloo,Full,treated,Median income,Total,10.001643589673842,0.9365648095230976,1873,15069,0.10001643589673842,1507.1476725279513
P1,All Australia (exc. Greater Sydney),117031333,Potts Point - Woolloomooloo,Full,treated,Population,Population,-11.5197242825882,0.19603857642742567,1874,20247,-0.11519724282588201,-2332.398575495633
P1,All Australia (exc. Greater Sydney),117031333,Potts Point - Woolloomooloo,Full,treated,Rent,Rent (monthly avg),5.689019588639798,NA,NA,1835,0.05689019588639798,104.3935094515403
P1,All Australia (exc. Greater Sydney),117031334,Pyrmont - Ultimo,Partial,treated,Employment,Accommodation and food services,-17.243255310623997,0.03521067016384886,1839,3.617,-0.17243255310623998,-0.62368854458527
P1,All Australia (exc. Greater Sydney),117031334,Pyrmont - Ultimo,Partial,treated,Employment,Arts and recreation services,12.193431588972857,1.631582894908497,1631,0.544,0.12193431588972857,0.06633226784401235
P1,All Australia (exc. Greater Sydney),117031334,Pyrmont - Ultimo,Partial,treated,Employment,Retail trade,3.638328733762533,8.131335643223135,1849,1.546,0.03638328733762533,0.05624856222396876
P1,All Australia (exc. Greater Sydney),117031334,Pyrmont - Ultimo,Partial,treated,Employment,Total,-10.070712594888924,0.4618394058817872,1872,22.047,-0.10070712594888924,-2.220290005795161
P1,All Australia (exc. Greater Sydney),117031334,Pyrmont - Ultimo,Partial,treated,Median income,Accommodation and food services,-11.79757434274662,0.14635323956092494,1845,6579.5,-0.1179757434274662,-776.2214038810139
P1,All Australia (exc. Greater Sydney),117031334,Pyrmont - Ultimo,Partial,treated,Median income,Arts and recreation services,-34.12546850249836,2.33184967102327,1632,25000,-0.3412546850249836,-8531.367125624589
P1,All Australia (exc. Greater Sydney),117031334,Pyrmont - Ultimo,Partial,treated,Median income,Retail trade,-15.390068070548224,58.06105563949691,1849,10802,-0.15390068070548224,-1662.4351529806193
P1,All Australia (exc. Greater Sydney),117031334,Pyrmont - Ultimo,Partial,treated,Median income,Total,-29.122077484129957,20.735421563747487,1805,17443.5,-0.29122077484129955,-5079.909585944209
P1,All Australia (exc. Greater Sydney),117031334,Pyrmont - Ultimo,Partial,treated,Population,Population,-13.467140514138617,0.06563104269369208,1874,20823,-0.13467140514138617,-2804.2626692590843
P1,All Australia (exc. Greater Sydney),117031334,Pyrmont - Ultimo,Partial,treated,Rent,Rent (monthly avg),7.641034080484204,NA,NA,2072,0.07641034080484203,158.3222261476327
P1,All Australia (exc. Greater Sydney),117031336,Surry Hills,Partial,treated,Employment,Accommodation and food services,-1.0986600867666614,0.36305318448597435,1844,2.481,-0.010986600867666613,-0.027257756752680867
P1,All Australia (exc. Greater Sydney),117031336,Surry Hills,Partial,treated,Employment,Retail trade,-4.091458423724345,2.769537457660351,1849,1.266,-0.04091458423724345,-0.05179786364435021
P1,All Australia (exc. Greater Sydney),117031336,Surry Hills,Partial,treated,Employment,Total,1.4779812828813992,0.21425383453648705,1874,19.175,0.014779812828813991,0.2834029109925083
P1,All Australia (exc. Greater Sydney),117031336,Surry Hills,Partial,treated,Median income,Accommodation and food services,-8.420806873731967,10.775117595374084,1845,7700,-0.08420806873731967,-648.4021292773615
P1,All Australia (exc. Greater Sydney),117031336,Surry Hills,Partial,treated,Median income,Retail trade,-9.191451813656895,11.63535135503755,1844,17811,-0.09191451813656895,-1637.0894825304297
P1,All Australia (exc. Greater Sydney),117031336,Surry Hills,Partial,treated,Median income,Total,-10.093407129316796,5.291921881579688,1870,22667,-0.10093407129316796,-2287.872594002238
P1,All Australia (exc. Greater Sydney),117031336,Surry Hills,Partial,treated,Population,Population,-0.4275892509681256,0.00202554879086198,1870,16961,-0.004275892509681256,-72.52341285670379
P1,All Australia (exc. Greater Sydney),117031336,Surry Hills,Partial,treated,Rent,Rent (monthly avg),10.438687746349462,NA,NA,1834,0.10438687746349462,191.44553326804913
P1,All Australia (exc. Greater Sydney),117031337,Sydney - Haymarket - The Rocks,Full,treated,Employment,Accommodation and food services,7.6120606280397025,0.1547902811715983,1844,10.362,0.07612060628039702,0.7887617222774739
P1,All Australia (exc. Greater Sydney),117031337,Sydney - Haymarket - The Rocks,Full,treated,Employment,Arts and recreation services,22.0651653565616,1.4655343887813972,1630,0.622,0.220651653565616,0.13724532851781315
P1,All Australia (exc. Greater Sydney),117031337,Sydney - Haymarket - The Rocks,Full,treated,Employment,Retail trade,5.037460797765962,7.997799129390566,1849,2.829,0.05037460797765962,0.14250976596879908
P1,All Australia (exc. Greater Sydney),117031337,Sydney - Haymarket - The Rocks,Full,treated,Employment,Total,8.883323008050633,2.2016448861843703,1871,43.906,0.08883323008050632,3.9003117999147103
P1,All Australia (exc. Greater Sydney),117031337,Sydney - Haymarket - The Rocks,Full,treated,Median income,Accommodation and food services,3.2674819806250404,0.01998031000747047,1842,5669,0.0326748198062504,185.23355348163352
P1,All Australia (exc. Greater Sydney),117031337,Sydney - Haymarket - The Rocks,Full,treated,Median income,Arts and recreation services,-16.252007444324388,0.286866188734506,1632,7170,-0.16252007444324387,-1165.2689337580587
P1,All Australia (exc. Greater Sydney),117031337,Sydney - Haymarket - The Rocks,Full,treated,Median income,Retail trade,-9.785071164193411,1.4813730338181004,1847,8909,-0.09785071164193411,-871.751990017991
P1,All Australia (exc. Greater Sydney),117031337,Sydney - Haymarket - The Rocks,Full,treated,Median income,Total,-0.2971295263839077,5.955442758233647e-4,1870,7215,-0.002971295263839077,-21.43789532859894
P1,All Australia (exc. Greater Sydney),117031337,Sydney - Haymarket - The Rocks,Full,treated,Population,Population,-17.00280936205232,0.01873393798095234,1874,25763,-0.1700280936205232,-4380.433775945539
P1,All Australia (exc. Greater Sydney),117031337,Sydney - Haymarket - The Rocks,Full,treated,Rent,Rent (monthly avg),15.119728505576205,NA,NA,2262,0.15119728505576205,342.00825879613376
P2,All Australia exc. NSW,117031330,Erskineville - Alexandria,Spillover,spillover,Employment,Accommodation and food services,-5.274998428974077,3.725935156045332,1583,1.029,-0.052749984289740766,-0.054279733834143244
P2,All Australia exc. NSW,117031330,Erskineville - Alexandria,Spillover,spillover,Employment,Arts and recreation services,16.98732377650642,0.8190654226566727,1421,0.386,0.1698732377650642,0.06557106977731478
P2,All Australia exc. NSW,117031330,Erskineville - Alexandria,Spillover,spillover,Employment,Retail trade,4.338270320260797,4.391565586067779,1588,1.006,0.043382703202607974,0.04364299942182362
P2,All Australia exc. NSW,117031330,Erskineville - Alexandria,Spillover,spillover,Employment,Total,-6.946571800328464,0.00299419353772633,1614,15.747,-0.06946571800328465,-1.0938766613977233
P2,All Australia exc. NSW,117031330,Erskineville - Alexandria,Spillover,spillover,Median income,Accommodation and food services,-9.53566998318214,20.36718198368757,1585,11146,-0.0953566998318214,-1062.8457763254814
P2,All Australia exc. NSW,117031330,Erskineville - Alexandria,Spillover,spillover,Median income,Arts and recreation services,-7.970532453236231,339.4761299737264,1425,17284,-0.07970532453236231,-1377.6268292173502
P2,All Australia exc. NSW,117031330,Erskineville - Alexandria,Spillover,spillover,Median income,Retail trade,-10.486596000729728,0.06512240110970999,1591,21738.5,-0.10486596000729728,-2279.628671618632
P2,All Australia exc. NSW,117031330,Erskineville - Alexandria,Spillover,spillover,Median income,Total,-2.1541367944717464,1.0079008738200976,1613,38620,-0.021541367944717463,-831.9276300249884
P2,All Australia exc. NSW,117031330,Erskineville - Alexandria,Spillover,spillover,Population,Population,-13.622136009597284,0.04968674310338888,1616,15204,-0.13622136009597285,-2071.109558899171
P2,All Australia exc. NSW,117031330,Erskineville - Alexandria,Spillover,spillover,Rent,Rent (monthly avg),10.922214656476395,NA,NA,2037,0.10922214656476395,222.48551255242415
P2,All Australia exc. NSW,117031331,Glebe - Forest Lodge,Spillover,spillover,Employment,Accommodation and food services,-6.686418253818471,3.311464219783291,1583,1.445,-0.06686418253818471,-0.09661874376767692
P2,All Australia exc. NSW,117031331,Glebe - Forest Lodge,Spillover,spillover,Employment,Arts and recreation services,8.85709896153095,1.896324336560276,1422,0.4,0.0885709896153095,0.035428395846123804
P2,All Australia exc. NSW,117031331,Glebe - Forest Lodge,Spillover,spillover,Employment,Retail trade,-3.6411836022797672,1.043319408159336,1588,1.09,-0.03641183602279767,-0.03968890126484946
P2,All Australia exc. NSW,117031331,Glebe - Forest Lodge,Spillover,spillover,Employment,Total,-2.069513783427825,0.03759283238529511,1614,16.791,-0.02069513783427825,-0.3474920593753661
P2,All Australia exc. NSW,117031331,Glebe - Forest Lodge,Spillover,spillover,Median income,Accommodation and food services,-10.737291411109473,0.02729255499766895,1584,6388,-0.10737291411109473,-685.8981753416731
P2,All Australia exc. NSW,117031331,Glebe - Forest Lodge,Spillover,spillover,Median income,Arts and recreation services,-4.335438567287862,112.04523833268162,1425,9712.5,-0.043354385672878616,-421.07947084783353
P2,All Australia exc. NSW,117031331,Glebe - Forest Lodge,Spillover,spillover,Median income,Retail trade,-11.715122030164997,4.050017669932897e-4,1591,12912.5,-0.11715122030164997,-1512.7151321450551
P2,All Australia exc. NSW,117031331,Glebe - Forest Lodge,Spillover,spillover,Median income,Total,-5.011250028281853,1.1248852282560715,1614,22502,-0.05011250028281853,-1127.6314813639826
P2,All Australia exc. NSW,117031331,Glebe - Forest Lodge,Spillover,spillover,Population,Population,-3.576631008863648,1.805880392108455e-5,1616,18118,-0.03576631008863648,-648.0140061859158
P2,All Australia exc. NSW,117031331,Glebe - Forest Lodge,Spillover,spillover,Rent,Rent (monthly avg),14.786294700866065,NA,NA,1653,0.14786294700866065,244.41745140531606
P2,All Australia exc. NSW,117031332,Newtown - Camperdown - Darlington,Spillover,spillover,Employment,Accommodation and food services,5.113160797418014,1.2658608048567652,1587,2.066,0.05113160797418014,0.10563790207465616
P2,All Australia exc. NSW,117031332,Newtown - Camperdown - Darlington,Spillover,spillover,Employment,Arts and recreation services,12.511703026102683,7.35505413705257,1422,0.604,0.12511703026102683,0.0755706862776602
P2,All Australia exc. NSW,117031332,Newtown - Camperdown - Darlington,Spillover,spillover,Employment,Retail trade,0.5364199541718406,1.5503282506896796,1591,1.592,0.005364199541718406,0.008539805670415703
P2,All Australia exc. NSW,117031332,Newtown - Camperdown - Darlington,Spillover,spillover,Employment,Total,-5.815302722511238,1.3017740572666552,1615,23.102,-0.05815302722511238,-1.3434512349545462
P2,All Australia exc. NSW,117031332,Newtown - Camperdown - Darlington,Spillover,spillover,Median income,Accommodation and food services,-14.378480121505618,15.039008048132406,1585,6994,-0.14378480121505618,-1005.630899698103
P2,All Australia exc. NSW,117031332,Newtown - Camperdown - Darlington,Spillover,spillover,Median income,Arts and recreation services,-6.7664650177768,31.075261321607616,1425,9081,-0.067664650177768,-614.4626882643112
P2,All Australia exc. NSW,117031332,Newtown - Camperdown - Darlington,Spillover,spillover,Median income,Retail trade,-9.01944195645339,2.447327577537808,1591,14395,-0.0901944195645339,-1298.3486696314656
P2,All Australia exc. NSW,117031332,Newtown - Camperdown - Darlington,Spillover,spillover,Median income,Total,-4.4087884716493235,35.47388300285705,1615,22462,-0.044087884716493234,-990.302066501871
P2,All Australia exc. NSW,117031332,Newtown - Camperdown - Darlington,Spillover,spillover,Population,Population,-6.773609888645019,5.474616969430008e-5,1616,23418,-0.0677360988864502,-1586.2439637228908
P2,All Australia exc. NSW,117031332,Newtown - Camperdown - Darlington,Spillover,spillover,Rent,Rent (monthly avg),4.167740049731023,NA,NA,1888,0.04167740049731023,78.68693213892172
P2,All Australia exc. NSW,117031335,Redfern - Chippendale,Spillover,spillover,Employment,Accommodation and food services,0.07854855505764391,3.6190646950842345,1583,2.596,7.854855505764391e-4,0.002039120489296436
P2,All Australia exc. NSW,117031335,Redfern - Chippendale,Spillover,spillover,Employment,Arts and recreation services,4.891425345710654,21.98869279350368,1421,0.487,0.04891425345710654,0.023821241433610883
P2,All Australia exc. NSW,117031335,Redfern - Chippendale,Spillover,spillover,Employment,Retail trade,6.928423144420961,0.2743094953849129,1589,1.378,0.06928423144420962,0.09547367093012084
P2,All Australia exc. NSW,117031335,Redfern - Chippendale,Spillover,spillover,Employment,Total,-8.119252303583366,0.16282302707206092,1614,19.723,-0.08119252303583366,-1.601360131835747
P2,All Australia exc. NSW,117031335,Redfern - Chippendale,Spillover,spillover,Median income,Accommodation and food services,-6.371226405239848,0.2802576223810501,1586,6499,-0.06371226405239848,-414.0660040765377
P2,All Australia exc. NSW,117031335,Redfern - Chippendale,Spillover,spillover,Median income,Arts and recreation services,-13.491446248732863,3.334037652110864,1425,10650.5,-0.13491446248732863,-1436.9064827212935
P2,All Australia exc. NSW,117031335,Redfern - Chippendale,Spillover,spillover,Median income,Retail trade,-14.026934517019576,30.211896521873,1591,13524,-0.14026934517019576,-1897.0026240817276
P2,All Australia exc. NSW,117031335,Redfern - Chippendale,Spillover,spillover,Median income,Total,-5.1839610540612044,14.412267192203895,1615,17035.5,-0.05183961054061204,-883.1136853645964
P2,All Australia exc. NSW,117031335,Redfern - Chippendale,Spillover,spillover,Population,Population,-26.544502656601217,0.3718719316766931,1616,18872,-0.26544502656601215,-5009.478541353781
P2,All Australia exc. NSW,117031335,Redfern - Chippendale,Spillover,spillover,Rent,Rent (monthly avg),20.186788142120044,NA,NA,1615,0.20186788142120043,326.0166284952387
P2,All Australia exc. NSW,117031338,Waterloo - Beaconsfield,Spillover,spillover,Employment,Accommodation and food services,-0.6614749556849185,3.13268666033421,1583,1.883,-0.006614749556849185,-0.012455573415547016
P2,All Australia exc. NSW,117031338,Waterloo - Beaconsfield,Spillover,spillover,Employment,Arts and recreation services,27.011846146869008,9.050166013101263,1417,0.379,0.27011846146869006,0.10237489689663354
P2,All Australia exc. NSW,117031338,Waterloo - Beaconsfield,Spillover,spillover,Employment,Retail trade,-2.8599063100705067,1.0014337387858507,1584,1.687,-0.028599063100705067,-0.04824661945088945
P2,All Australia exc. NSW,117031338,Waterloo - Beaconsfield,Spillover,spillover,Employment,Total,-7.884482873643243,7.492232307525802,1611,20.593,-0.07884482873643243,-1.6236515581693531
P2,All Australia exc. NSW,117031338,Waterloo - Beaconsfield,Spillover,spillover,Median income,Accommodation and food services,-10.42530089947715,0.3716812867875311,1585,8793,-0.10425300899477151,-916.6967080910259
P2,All Australia exc. NSW,117031338,Waterloo - Beaconsfield,Spillover,spillover,Median income,Arts and recreation services,-8.173270246615905,19.808817854096212,1425,13500,-0.08173270246615905,-1103.391483293147
P2,All Australia exc. NSW,117031338,Waterloo - Beaconsfield,Spillover,spillover,Median income,Retail trade,-11.021476295221108,4.797501703424384,1591,17364,-0.11021476295221108,-1913.7691439021933
P2,All Australia exc. NSW,117031338,Waterloo - Beaconsfield,Spillover,spillover,Median income,Total,-3.697218194713128,6.172985306114077,1615,26808,-0.03697218194713128,-991.1502536386954
P2,All Australia exc. NSW,117031338,Waterloo - Beaconsfield,Spillover,spillover,Population,Population,-31.449650941993823,1.1425890235367029,1616,24217,-0.31449650941993823,-7616.161968622644
P2,All Australia exc. NSW,117031338,Waterloo - Beaconsfield,Spillover,spillover,Rent,Rent (monthly avg),21.459444602326485,NA,NA,1693,0.21459444602326486,363.3083971173874
P2,All Australia exc. NSW,118011341,Bondi Junction - Waverly,Spillover,spillover,Employment,Accommodation and food services,18.34872961427344,15.691516952978755,1586,1.469,0.1834872961427344,0.26954283803367685
P2,All Australia exc. NSW,118011341,Bondi Junction - Waverly,Spillover,spillover,Employment,Arts and recreation services,1.7467952794410664,0.5735933937401627,1424,0.315,0.017467952794410664,0.005502405130239359
P2,All Australia exc. NSW,118011341,Bondi Junction - Waverly,Spillover,spillover,Employment,Retail trade,-7.095106805914166,0.18758638269824823,1588,1.022,-0.07095106805914166,-0.07251199155644278
P2,All Australia exc. NSW,118011341,Bondi Junction - Waverly,Spillover,spillover,Employment,Total,-3.400686220163635,4.915087342259831,1614,16.222,-0.03400686220163635,-0.551659318634945
P2,All Australia exc. NSW,118011341,Bondi Junction - Waverly,Spillover,spillover,Median income,Accommodation and food services,-16.41771814415144,70.51348547083154,1587,6461,-0.16417718144151439,-1060.7487692936245
P2,All Australia exc. NSW,118011341,Bondi Junction - Waverly,Spillover,spillover,Median income,Arts and recreation services,-19.285894267764743,21.4171812436658,1425,12327,-0.19285894267764742,-2377.3721863873598
P2,All Australia exc. NSW,118011341,Bondi Junction - Waverly,Spillover,spillover,Median income,Retail trade,-23.07289063055118,85.3371778118301,1581,18250,-0.2307289063055118,-4210.8025400755905
P2,All Australia exc. NSW,118011341,Bondi Junction - Waverly,Spillover,spillover,Median income,Total,-10.221533969007234,7.981029094278037,1615,21152,-0.10221533969007235,-2162.05886512441
P2,All Australia exc. NSW,118011341,Bondi Junction - Waverly,Spillover,spillover,Population,Population,-2.629944343732241,0.01816921755192604,1616,17195,-0.02629944343732241,-452.21892990475885
P2,All Australia exc. NSW,118011341,Bondi Junction - Waverly,Spillover,spillover,Rent,Rent (monthly avg),12.270506592006292,NA,NA,2050,0.12270506592006292,251.54538513612897
P2,All Australia exc. NSW,118011345,Paddington - Moore Park,Spillover,spillover,Employment,Accommodation and food services,-5.2388227468295625,0.44865014508303863,1586,1.107,-0.05238822746829563,-0.05799376780740326
P2,All Australia exc. NSW,118011345,Paddington - Moore Park,Spillover,spillover,Employment,Arts and recreation services,6.064119412324698,2.2561452275137253,1420,0.292,0.06064119412324698,0.017707228683988115
P2,All Australia exc. NSW,118011345,Paddington - Moore Park,Spillover,spillover,Employment,Retail trade,-8.539526307418107,3.7881864553048503,1588,0.934,-0.08539526307418108,-0.07975917571128513
P2,All Australia exc. NSW,118011345,Paddington - Moore Park,Spillover,spillover,Employment,Total,-6.965829834885976,0.9640666765099524,1616,14.317,-0.06965829834885975,-0.9972978574606252
P2,All Australia exc. NSW,118011345,Paddington - Moore Park,Spillover,spillover,Median income,Accommodation and food services,-6.776394392497548,0.9666863975531884,1587,7696,-0.06776394392497548,-521.5113124466113
P2,All Australia exc. NSW,118011345,Paddington - Moore Park,Spillover,spillover,Median income,Arts and recreation services,-1.9917915130899668,115.92546403232404,1425,15659,-0.019917915130899667,-311.8946330347579
P2,All Australia exc. NSW,118011345,Paddington - Moore Park,Spillover,spillover,Median income,Retail trade,-10.610454494010888,9.682467240457184,1591,18079,-0.10610454494010887,-1918.2640679722283
P2,All Australia exc. NSW,118011345,Paddington - Moore Park,Spillover,spillover,Median income,Total,-1.3285059356748878,3.4965919570361907,1614,31797,-0.013285059356748879,-422.4250323665441
P2,All Australia exc. NSW,118011345,Paddington - Moore Park,Spillover,spillover,Population,Population,-1.7694472935556813,0.00477136491081723,1612,15672,-0.017694472935556812,-277.30777984604634
P2,All Australia exc. NSW,118011345,Paddington - Moore Park,Spillover,spillover,Rent,Rent (monthly avg),13.10000885494777,NA,NA,2032,0.1310000885494777,266.1921799325387
P2,All Australia exc. NSW,120021387,Balmain,Spillover,spillover,Employment,Accommodation and food services,-16.599538328394598,4.04818456075475,1583,0.655,-0.16599538328394597,-0.10872697605098462
P2,All Australia exc. NSW,120021387,Balmain,Spillover,spillover,Employment,Arts and recreation services,-6.07447400006522,22.96520944993403,1420,0.294,-0.0607447400006522,-0.017858953560191744
P2,All Australia exc. NSW,120021387,Balmain,Spillover,spillover,Employment,Retail trade,-15.08648133685058,3.6993215659358416,1586,0.662,-0.1508648133685058,-0.09987250644995084
P2,All Australia exc. NSW,120021387,Balmain,Spillover,spillover,Employment,Total,-14.310797965118695,2.310702913891009,1614,13.266,-0.14310797965118696,-1.8984704580526461
P2,All Australia exc. NSW,120021387,Balmain,Spillover,spillover,Median income,Accommodation and food services,2.6586275546743985,2.839230302311104,1587,9195,0.026586275546743986,244.46080365231094
P2,All Australia exc. NSW,120021387,Balmain,Spillover,spillover,Median income,Arts and recreation services,-12.28374215235601,1.8946855409363508,1425,13773,-0.1228374215235601,-1691.8398066439934
P2,All Australia exc. NSW,120021387,Balmain,Spillover,spillover,Median income,Retail trade,-9.25773501395684,24.512782552595148,1591,19269,-0.0925773501395684,-1783.8729598393436
P2,All Australia exc. NSW,120021387,Balmain,Spillover,spillover,Median income,Total,2.0094640719500867,0.20167657890659435,1614,42573,0.020094640719500866,855.4891393513103
P2,All Australia exc. NSW,120021387,Balmain,Spillover,spillover,Population,Population,-1.2166114111668094,0.01165228958381428,1612,15886,-0.012166114111668094,-193.27088877795933
P2,All Australia exc. NSW,120021387,Balmain,Spillover,spillover,Rent,Rent (monthly avg),10.925483276548551,NA,NA,1953,0.1092548327654855,213.37468839099319
P2,All Australia exc. NSW,120021388,Leichhardt - Annandale,Spillover,spillover,Employment,Accommodation and food services,-6.731714705519214,15.40555134182982,1586,1.311,-0.06731714705519214,-0.08825277978935689
P2,All Australia exc. NSW,120021388,Leichhardt - Annandale,Spillover,spillover,Employment,Arts and recreation services,2.651543023081016,9.4443513531972,1420,0.534,0.02651543023081016,0.014159239743252625
P2,All Australia exc. NSW,120021388,Leichhardt - Annandale,Spillover,spillover,Employment,Retail trade,-4.391280838205873,0.24195471675262584,1588,1.35,-0.04391280838205873,-0.059282291315779286
P2,All Australia exc. NSW,120021388,Leichhardt - Annandale,Spillover,spillover,Employment,Total,-7.092715635457334,0.17482972199993296,1616,22.014,-0.07092715635457333,-1.5613904199895774
P2,All Australia exc. NSW,120021388,Leichhardt - Annandale,Spillover,spillover,Median income,Accommodation and food services,-3.8560466871756014,3.6663510685512217,1587,8149.5,-0.038560466871756016,-314.2485247713756
P2,All Australia exc. NSW,120021388,Leichhardt - Annandale,Spillover,spillover,Median income,Arts and recreation services,-0.09715530228372415,51.72173460446942,1425,12441,-9.715530228372415e-4,-12.087091157118122
P2,All Australia exc. NSW,120021388,Leichhardt - Annandale,Spillover,spillover,Median income,Retail trade,-10.678295004838631,25.48429039313581,1591,16755,-0.10678295004838631,-1789.1483280607126
P2,All Australia exc. NSW,120021388,Leichhardt - Annandale,Spillover,spillover,Median income,Total,1.9546000494295537,15.351457251435008,1614,34476,0.019546000494295536,673.8679130413329
P2,All Australia exc. NSW,120021388,Leichhardt - Annandale,Spillover,spillover,Population,Population,-1.61662975335733,0.00991693159314878,1612,26300,-0.0161662975335733,-425.1736251329778
P2,All Australia exc. NSW,120021388,Leichhardt - Annandale,Spillover,spillover,Rent,Rent (monthly avg),8.03589679769145,NA,NA,1899,0.0803589679769145,152.60168018816063
P2,All Australia exc. NSW,120021389,Lilyfield - Rozelle,Spillover,spillover,Employment,Accommodation and food services,-7.563590473663595,17.734333707057335,1584,0.648,-0.07563590473663595,-0.0490120662693401
P2,All Australia exc. NSW,120021389,Lilyfield - Rozelle,Spillover,spillover,Employment,Arts and recreation services,1.610575447296514,2.392451721159922,1423,0.266,0.01610575447296514,0.004284130689808727
P2,All Australia exc. NSW,120021389,Lilyfield - Rozelle,Spillover,spillover,Employment,Retail trade,-3.1175256461996477,4.7132872314133945,1588,0.623,-0.031175256461996478,-0.019422184775823807
P2,All Australia exc. NSW,120021389,Lilyfield - Rozelle,Spillover,spillover,Employment,Total,-5.112367805072552,1.632865073326553,1616,11.495,-0.05112367805072551,-0.5876666791930897
P2,All Australia exc. NSW,120021389,Lilyfield - Rozelle,Spillover,spillover,Median income,Accommodation and food services,-2.597157162706987,158.6937659597562,1587,8382,-0.02597157162706987,-217.69371337809966
P2,All Australia exc. NSW,120021389,Lilyfield - Rozelle,Spillover,spillover,Median income,Arts and recreation services,-22.32838191478043,449.62712430740214,1425,13288,-0.2232838191478043,-2966.9953888360233
P2,All Australia exc. NSW,120021389,Lilyfield - Rozelle,Spillover,spillover,Median income,Retail trade,-19.7518853847151,2.3951515418279197,1591,19070,-0.19751885384715098,-3766.684542865169
P2,All Australia exc. NSW,120021389,Lilyfield - Rozelle,Spillover,spillover,Median income,Total,3.408759075834247,10.65316709031204,1614,39388,0.03408759075834247,1342.6420247895933
P2,All Australia exc. NSW,120021389,Lilyfield - Rozelle,Spillover,spillover,Population,Population,-1.238431652421942,0.01515975151677893,1612,14031,-0.01238431652421942,-173.7643451513227
P2,All Australia exc. NSW,120021389,Lilyfield - Rozelle,Spillover,spillover,Rent,Rent (monthly avg),14.51381860218224,NA,NA,1965,0.1451381860218224,285.19653553288106
P2,All Australia exc. NSW,117031329,Darlinghurst,Full,treated,Employment,Accommodation and food services,-11.679693015270336,3.811002460883483,1585,1.76,-0.11679693015270337,-0.20556259706875793
P2,All Australia exc. NSW,117031329,Darlinghurst,Full,treated,Employment,Retail trade,-5.820598751218017,8.565663976560952,1588,0.804,-0.058205987512180174,-0.046797613959792865
P2,All Australia exc. NSW,117031329,Darlinghurst,Full,treated,Employment,Total,-4.244082500001883,0.35892181105841425,1616,13.419,-0.042440825000018834,-0.5695134306752527
P2,All Australia exc. NSW,117031329,Darlinghurst,Full,treated,Median income,Accommodation and food services,-3.610051967933269,6.643508455871341,1586,7085,-0.03610051967933269,-255.77218192807211
P2,All Australia exc. NSW,117031329,Darlinghurst,Full,treated,Median income,Retail trade,6.045367846962641,14.365969157967529,1589,15451,0.06045367846962641,934.0697860341977
P2,All Australia exc. NSW,117031329,Darlinghurst,Full,treated,Median income,Total,2.177268894400638,5.449041064819474,1615,19963,0.021772688944006382,434.6481893891994
P2,All Australia exc. NSW,117031329,Darlinghurst,Full,treated,Population,Population,-19.888136984793967,0.02834301546408727,1616,11251,-0.19888136984793967,-2237.614292159169
P2,All Australia exc. NSW,117031329,Darlinghurst,Full,treated,Rent,Rent (monthly avg),10.441301727675985,NA,NA,1967,0.10441301727675985,205.38040498338663
P2,All Australia exc. NSW,117031333,Potts Point - Woolloomooloo,Full,treated,Employment,Accommodation and food services,-12.328993398056523,0.3202923023557962,1587,2.951,-0.12328993398056523,-0.363828595176648
P2,All Australia exc. NSW,117031333,Potts Point - Woolloomooloo,Full,treated,Employment,Arts and recreation services,-2.2384758526210007,21.14409661727421,1422,0.511,-0.022384758526210007,-0.011438611606893315
P2,All Australia exc. NSW,117031333,Potts Point - Woolloomooloo,Full,treated,Employment,Retail trade,-7.76748229206828,3.935310152374999,1588,1.415,-0.0776748229206828,-0.10990987443276616
P2,All Australia exc. NSW,117031333,Potts Point - Woolloomooloo,Full,treated,Employment,Total,-5.499271410776072,0.7264734741350166,1616,24.612,-0.05499271410776072,-1.3534806796202068
P2,All Australia exc. NSW,117031333,Potts Point - Woolloomooloo,Full,treated,Median income,Accommodation and food services,-2.284217851969153,6.115438583903714,1585,6693,-0.02284217851969153,-152.88270083229543
P2,All Australia exc. NSW,117031333,Potts Point - Woolloomooloo,Full,treated,Median income,Arts and recreation services,-0.5061844193779024,39.55806790514259,1425,10369,-0.0050618441937790234,-52.48626244529469
P2,All Australia exc. NSW,117031333,Potts Point - Woolloomooloo,Full,treated,Median income,Retail trade,6.170766863266739,10.268297628863202,1591,14126,0.06170766863266739,871.6825271050595
P2,All Australia exc. NSW,117031333,Potts Point - Woolloomooloo,Full,treated,Median income,Total,10.40442578250276,0.5049238987890214,1615,15069,0.10404425782502759,1567.8429211653408
P2,All Australia exc. NSW,117031333,Potts Point - Woolloomooloo,Full,treated,Population,Population,-10.355439792602942,0.1518043135371142,1616,20247,-0.10355439792602943,-2096.6658948083177
P2,All Australia exc. NSW,117031333,Potts Point - Woolloomooloo,Full,treated,Rent,Rent (monthly avg),6.658574003100515,NA,NA,1835,0.06658574003100515,122.18483295689444
P2,All Australia exc. NSW,117031334,Pyrmont - Ultimo,Partial,treated,Employment,Accommodation and food services,-16.60315870194727,0.01291335566314555,1583,3.617,-0.16603158701947268,-0.6005362502494327
P2,All Australia exc. NSW,117031334,Pyrmont - Ultimo,Partial,treated,Employment,Arts and recreation services,13.074625038492933,0.7849607482435312,1424,0.544,0.13074625038492932,0.07112596020940155
P2,All Australia exc. NSW,117031334,Pyrmont - Ultimo,Partial,treated,Employment,Retail trade,3.5728933562342533,8.493927656084495,1591,1.546,0.03572893356234253,0.05523693128738155
P2,All Australia exc. NSW,117031334,Pyrmont - Ultimo,Partial,treated,Employment,Total,-10.0435455524975,0.5771516771577542,1614,22.047,-0.100435455524975,-2.214300487959124
P2,All Australia exc. NSW,117031334,Pyrmont - Ultimo,Partial,treated,Median income,Accommodation and food services,-11.72812060162202,0.10089706848461304,1587,6579.5,-0.1172812060162202,-771.6516949837209
P2,All Australia exc. NSW,117031334,Pyrmont - Ultimo,Partial,treated,Median income,Arts and recreation services,-38.534288194862455,0.7692279735658423,1425,25000,-0.38534288194862454,-9633.572048715614
P2,All Australia exc. NSW,117031334,Pyrmont - Ultimo,Partial,treated,Median income,Retail trade,-15.282529152715922,60.09363895880862,1591,10802,-0.1528252915271592,-1650.8187990763738
P2,All Australia exc. NSW,117031334,Pyrmont - Ultimo,Partial,treated,Median income,Total,-28.81906794811717,18.741179654849823,1571,17443.5,-0.2881906794811717,-5027.0541175298185
P2,All Australia exc. NSW,117031334,Pyrmont - Ultimo,Partial,treated,Population,Population,-12.319651969836968,0.04124763821908673,1616,20823,-0.12319651969836969,-2565.321129679152
P2,All Australia exc. NSW,117031334,Pyrmont - Ultimo,Partial,treated,Rent,Rent (monthly avg),8.532358462491597,NA,NA,2072,0.08532358462491597,176.7904673428259
P2,All Australia exc. NSW,117031336,Surry Hills,Partial,treated,Employment,Accommodation and food services,-0.7220230484291955,0.46725835363072543,1586,2.481,-0.007220230484291955,-0.01791339183152834
P2,All Australia exc. NSW,117031336,Surry Hills,Partial,treated,Employment,Retail trade,-3.754547896569401,2.556107287553778,1591,1.266,-0.03754547896569401,-0.04753257637056862
P2,All Australia exc. NSW,117031336,Surry Hills,Partial,treated,Employment,Total,1.2792388284664753,0.35382405148230145,1616,19.175,0.012792388284664754,0.24529404535844665
P2,All Australia exc. NSW,117031336,Surry Hills,Partial,treated,Median income,Accommodation and food services,-8.463154491210263,8.788061790107177,1587,7700,-0.08463154491210263,-651.6628958231903
P2,All Australia exc. NSW,117031336,Surry Hills,Partial,treated,Median income,Retail trade,-9.039523598921386,10.437429217980934,1587,17811,-0.09039523598921387,-1610.0295482038882
P2,All Australia exc. NSW,117031336,Surry Hills,Partial,treated,Median income,Total,-9.803764439673422,6.448963019998031,1615,22667,-0.09803764439673422,-2222.2192855407748
P2,All Australia exc. NSW,117031336,Surry Hills,Partial,treated,Population,Population,-2.4483013243177254,0.0033932938786464,1615,16961,-0.024483013243177254,-415.2563876175294
P2,All Australia exc. NSW,117031336,Surry Hills,Partial,treated,Rent,Rent (monthly avg),11.406994022991672,NA,NA,1834,0.11406994022991672,209.20427038166727
P2,All Australia exc. NSW,117031337,Sydney - Haymarket - The Rocks,Full,treated,Employment,Accommodation and food services,7.948344549005728,0.22465162175651496,1586,10.362,0.07948344549005727,0.8236074621679734
P2,All Australia exc. NSW,117031337,Sydney - Haymarket - The Rocks,Full,treated,Employment,Arts and recreation services,22.901449236594527,2.5964376585318405,1423,0.622,0.22901449236594526,0.14244701425161796
P2,All Australia exc. NSW,117031337,Sydney - Haymarket - The Rocks,Full,treated,Employment,Retail trade,5.206345461591312,8.449915300625662,1591,2.829,0.052063454615913114,0.1472875131084182
P2,All Australia exc. NSW,117031337,Sydney - Haymarket - The Rocks,Full,treated,Employment,Total,8.667721456664466,2.689340309624593,1613,43.906,0.08667721456664466,3.8056497827631004
P2,All Australia exc. NSW,117031337,Sydney - Haymarket - The Rocks,Full,treated,Median income,Accommodation and food services,3.35730478762031,0.00865786644201045,1585,5669,0.0335730478762031,190.32560841019537
P2,All Australia exc. NSW,117031337,Sydney - Haymarket - The Rocks,Full,treated,Median income,Arts and recreation services,-16.234657210872943,0.384729256039927,1425,7170,-0.16234657210872944,-1164.0249220195901
P2,All Australia exc. NSW,117031337,Sydney - Haymarket - The Rocks,Full,treated,Median income,Retail trade,-9.751936644003427,1.6368733988588384,1589,8909,-0.09751936644003427,-868.8000356142653
P2,All Australia exc. NSW,117031337,Sydney - Haymarket - The Rocks,Full,treated,Median income,Total,0.05942947698428943,0.071382948265204485,1612,7215,5.942947698428943e-4,4.2878367644164825
P2,All Australia exc. NSW,117031337,Sydney - Haymarket - The Rocks,Full,treated,Population,Population,-15.943946166166327,0.00689352861003345,1616,25763,-0.15943946166166328,-4107.638850789431
P2,All Australia exc. NSW,117031337,Sydney - Haymarket - The Rocks,Full,treated,Rent,Rent (monthly avg),16.045514742062636,NA,NA,2262,0.16045514742062636,362.9495434654568
P3,Capital cities only (exc. Greater Sydney),117031330,Erskineville - Alexandria,Spillover,spillover,Employment,Accommodation and food services,-5.4688125931024985,3.240797022339963,950,1.029,-0.05468812593102498,-0.0562740815830247
P3,Capital cities only (exc. Greater Sydney),117031330,Erskineville - Alexandria,Spillover,spillover,Employment,Arts and recreation services,15.025785732868185,1.3693522425383602,926,0.386,0.15025785732868185,0.057999532928871195
P3,Capital cities only (exc. Greater Sydney),117031330,Erskineville - Alexandria,Spillover,spillover,Employment,Retail trade,4.39302289981305,3.3558777863757596,950,1.006,0.043930228998130504,0.04419381037211929
P3,Capital cities only (exc. Greater Sydney),117031330,Erskineville - Alexandria,Spillover,spillover,Employment,Total,-6.585527328074917,0.20099504618686517,963,15.747,-0.06585527328074918,-1.0370229883519573
P3,Capital cities only (exc. Greater Sydney),117031330,Erskineville - Alexandria,Spillover,spillover,Median income,Accommodation and food services,-9.131393208613275,21.92685821219827,947,11146,-0.09131393208613275,-1017.7850870320357
P3,Capital cities only (exc. Greater Sydney),117031330,Erskineville - Alexandria,Spillover,spillover,Median income,Arts and recreation services,-6.4358697587333324,353.19183017454816,927,17284,-0.06435869758733333,-1112.3757290994693
P3,Capital cities only (exc. Greater Sydney),117031330,Erskineville - Alexandria,Spillover,spillover,Median income,Retail trade,-9.062645609711312,0.01177240581479646,950,21738.5,-0.09062645609711312,-1970.0832158670935
P3,Capital cities only (exc. Greater Sydney),117031330,Erskineville - Alexandria,Spillover,spillover,Median income,Total,5.724817124964905,0.449610156654361,963,38620,0.05724817124964905,2210.924373661446
P3,Capital cities only (exc. Greater Sydney),117031330,Erskineville - Alexandria,Spillover,spillover,Population,Population,-11.948362934316933,0.12193575475470346,964,15204,-0.11948362934316932,-1816.6291005335463
P3,Capital cities only (exc. Greater Sydney),117031330,Erskineville - Alexandria,Spillover,spillover,Rent,Rent (monthly avg),11.496785450768192,NA,NA,2037,0.11496785450768192,234.18951963214806
P3,Capital cities only (exc. Greater Sydney),117031331,Glebe - Forest Lodge,Spillover,spillover,Employment,Accommodation and food services,-7.395068762534469,3.849299753251284,949,1.445,-0.07395068762534468,-0.10685874361862306
P3,Capital cities only (exc. Greater Sydney),117031331,Glebe - Forest Lodge,Spillover,spillover,Employment,Arts and recreation services,5.554876574261857,3.3963379015847748,925,0.4,0.05554876574261857,0.02221950629704743
P3,Capital cities only (exc. Greater Sydney),117031331,Glebe - Forest Lodge,Spillover,spillover,Employment,Retail trade,-4.120988632302168,1.6535328006984722,950,1.09,-0.04120988632302167,-0.044918776092093625
P3,Capital cities only (exc. Greater Sydney),117031331,Glebe - Forest Lodge,Spillover,spillover,Employment,Total,-1.6833482247226996,0.09360263928407306,963,16.791,-0.016833482247226996,-0.2826510004131885
P3,Capital cities only (exc. Greater Sydney),117031331,Glebe - Forest Lodge,Spillover,spillover,Median income,Accommodation and food services,-10.427321666560074,8.646020872610113e-4,947,6388,-0.10427321666560074,-666.0973080598576
P3,Capital cities only (exc. Greater Sydney),117031331,Glebe - Forest Lodge,Spillover,spillover,Median income,Arts and recreation services,3.023996209581526,97.5215179151124,927,9712.5,0.030239962095815257,293.7056318556057
P3,Capital cities only (exc. Greater Sydney),117031331,Glebe - Forest Lodge,Spillover,spillover,Median income,Retail trade,-11.46769563002109,0.14336971540347618,950,12912.5,-0.11467695630021091,-1480.7661982264733
P3,Capital cities only (exc. Greater Sydney),117031331,Glebe - Forest Lodge,Spillover,spillover,Median income,Total,3.343539157117521,0.5493629227973862,963,22502,0.03343539157117521,752.3631811345847
P3,Capital cities only (exc. Greater Sydney),117031331,Glebe - Forest Lodge,Spillover,spillover,Population,Population,-2.0973179961540915,0.00863362705914399,964,18118,-0.020973179961540914,-379.99207454319827
P3,Capital cities only (exc. Greater Sydney),117031331,Glebe - Forest Lodge,Spillover,spillover,Rent,Rent (monthly avg),15.350769878936555,NA,NA,1653,0.15350769878936554,253.74822609882125
P3,Capital cities only (exc. Greater Sydney),117031332,Newtown - Camperdown - Darlington,Spillover,spillover,Employment,Accommodation and food services,3.88435905382236,1.8126492499657487,950,2.066,0.038843590538223595,0.08025085805196994
P3,Capital cities only (exc. Greater Sydney),117031332,Newtown - Camperdown - Darlington,Spillover,spillover,Employment,Arts and recreation services,9.107389123752244,10.185716821762822,925,0.604,0.09107389123752244,0.05500863030746355
P3,Capital cities only (exc. Greater Sydney),117031332,Newtown - Camperdown - Darlington,Spillover,spillover,Employment,Retail trade,1.7400793811128992,1.0876545519896497,950,1.592,0.01740079381112899,0.027702063747317356
P3,Capital cities only (exc. Greater Sydney),117031332,Newtown - Camperdown - Darlington,Spillover,spillover,Employment,Total,-5.477537956124375,0.4300626395708744,964,23.102,-0.05477537956124375,-1.2654208186238531
P3,Capital cities only (exc. Greater Sydney),117031332,Newtown - Camperdown - Darlington,Spillover,spillover,Median income,Accommodation and food services,-13.973142930771074,13.73084347764119,947,6994,-0.13973142930771074,-977.2816165781289
P3,Capital cities only (exc. Greater Sydney),117031332,Newtown - Camperdown - Darlington,Spillover,spillover,Median income,Arts and recreation services,-5.422000178083614,34.900916288252695,927,9081,-0.05422000178083614,-492.371836171773
P3,Capital cities only (exc. Greater Sydney),117031332,Newtown - Camperdown - Darlington,Spillover,spillover,Median income,Retail trade,-8.327150610209626,2.5094205346565825,950,14395,-0.08327150610209627,-1198.6933303396759
P3,Capital cities only (exc. Greater Sydney),117031332,Newtown - Camperdown - Darlington,Spillover,spillover,Median income,Total,-3.2422983808389225,35.10214275742662,962,22462,-0.032422983808389226,-728.2850623040388
P3,Capital cities only (exc. Greater Sydney),117031332,Newtown - Camperdown - Darlington,Spillover,spillover,Population,Population,-4.881798433054712,0.01654836550385381,964,23418,-0.04881798433054712,-1143.2195570527524
P3,Capital cities only (exc. Greater Sydney),117031332,Newtown - Camperdown - Darlington,Spillover,spillover,Rent,Rent (monthly avg),4.734895747849379,NA,NA,1888,0.04734895747849379,89.39483171939628
P3,Capital cities only (exc. Greater Sydney),117031335,Redfern - Chippendale,Spillover,spillover,Employment,Accommodation and food services,-0.2554834082367042,4.137888414905515,950,2.596,-0.0025548340823670418,-0.0066323492778248404
P3,Capital cities only (exc. Greater Sydney),117031335,Redfern - Chippendale,Spillover,spillover,Employment,Arts and recreation services,2.8915449779709874,24.6912289766339,925,0.487,0.028915449779709876,0.014081824042718709
P3,Capital cities only (exc. Greater Sydney),117031335,Redfern - Chippendale,Spillover,spillover,Employment,Retail trade,7.278019789983905,0.6243980580378834,950,1.378,0.07278019789983906,0.10029111270597821
P3,Capital cities only (exc. Greater Sydney),117031335,Redfern - Chippendale,Spillover,spillover,Employment,Total,-7.792728238728782,0.00866311256225666,963,19.723,-0.07792728238728781,-1.5369597905244774
P3,Capital cities only (exc. Greater Sydney),117031335,Redfern - Chippendale,Spillover,spillover,Median income,Accommodation and food services,-5.978883837586603,0.4826136262491054,947,6499,-0.05978883837586604,-388.56766060475337
P3,Capital cities only (exc. Greater Sydney),117031335,Redfern - Chippendale,Spillover,spillover,Median income,Arts and recreation services,-7.17376671116579,6.438313758310462,927,10650.5,-0.0717376671116579,-764.0420235727124
P3,Capital cities only (exc. Greater Sydney),117031335,Redfern - Chippendale,Spillover,spillover,Median income,Retail trade,-13.71063234676898,26.824265029765023,950,13524,-0.1371063234676898,-1854.225918577037
P3,Capital cities only (exc. Greater Sydney),117031335,Redfern - Chippendale,Spillover,spillover,Median income,Total,-3.7420787579820423,13.563805762141342,963,17035.5,-0.037420787579820425,-637.4818268160309
P3,Capital cities only (exc. Greater Sydney),117031335,Redfern - Chippendale,Spillover,spillover,Population,Population,-26.16023162893921,0.2203437209391763,964,18872,-0.2616023162893921,-4936.958913013408
P3,Capital cities only (exc. Greater Sydney),117031335,Redfern - Chippendale,Spillover,spillover,Rent,Rent (monthly avg),20.76940428665999,NA,NA,1615,0.20769404286659993,335.42587922955886
P3,Capital cities only (exc. Greater Sydney),117031338,Waterloo - Beaconsfield,Spillover,spillover,Employment,Accommodation and food services,-1.678769256093304,2.7762447499487246,950,1.883,-0.01678769256093304,-0.03161122509223691
P3,Capital cities only (exc. Greater Sydney),117031338,Waterloo - Beaconsfield,Spillover,spillover,Employment,Arts and recreation services,17.34702229033846,18.562030367143983,917,0.379,0.17347022290338462,0.06574521448038277
P3,Capital cities only (exc. Greater Sydney),117031338,Waterloo - Beaconsfield,Spillover,spillover,Employment,Retail trade,-3.295200908604324,0.48479336341948553,949,1.687,-0.03295200908604324,-0.05559003932815495
P3,Capital cities only (exc. Greater Sydney),117031338,Waterloo - Beaconsfield,Spillover,spillover,Employment,Total,-7.695596918236606,5.040288994937725,963,20.593,-0.07695596918236607,-1.5847542733724644
P3,Capital cities only (exc. Greater Sydney),117031338,Waterloo - Beaconsfield,Spillover,spillover,Median income,Accommodation and food services,-10.042195985383248,0.1522620174606275,948,8793,-0.10042195985383248,-883.010292994749
P3,Capital cities only (exc. Greater Sydney),117031338,Waterloo - Beaconsfield,Spillover,spillover,Median income,Arts and recreation services,-6.008569260920481,26.03923473006558,927,13500,-0.060085692609204815,-811.156850224265
P3,Capital cities only (exc. Greater Sydney),117031338,Waterloo - Beaconsfield,Spillover,spillover,Median income,Retail trade,-9.403644269158155,2.8747182838500747,950,17364,-0.09403644269158155,-1632.8487908966222
P3,Capital cities only (exc. Greater Sydney),117031338,Waterloo - Beaconsfield,Spillover,spillover,Median income,Total,-2.703210827345688,5.284994438676105,963,26808,-0.027032108273456878,-724.676758594832
P3,Capital cities only (exc. Greater Sydney),117031338,Waterloo - Beaconsfield,Spillover,spillover,Population,Population,-26.69061485143553,0.6080102207493381,964,24217,-0.2669061485143553,-6463.666198572142
P3,Capital cities only (exc. Greater Sydney),117031338,Waterloo - Beaconsfield,Spillover,spillover,Rent,Rent (monthly avg),22.08877566932736,NA,NA,1693,0.22088775669327362,373.9629720817122
P3,Capital cities only (exc. Greater Sydney),118011341,Bondi Junction - Waverly,Spillover,spillover,Employment,Accommodation and food services,15.5632193640606,22.34257130222707,948,1.469,0.15563219364060601,0.22862369245805025
P3,Capital cities only (exc. Greater Sydney),118011341,Bondi Junction - Waverly,Spillover,spillover,Employment,Arts and recreation services,0.5323012880651751,1.5428362355479113,926,0.315,0.0053230128806517505,0.0016767490574053014
P3,Capital cities only (exc. Greater Sydney),118011341,Bondi Junction - Waverly,Spillover,spillover,Employment,Retail trade,-7.614790682707368,0.02841408310699735,950,1.022,-0.07614790682707367,-0.07782316077726929
P3,Capital cities only (exc. Greater Sydney),118011341,Bondi Junction - Waverly,Spillover,spillover,Employment,Total,-3.0132739102429724,2.9499699679620717,963,16.222,-0.030132739102429723,-0.488813293719615
P3,Capital cities only (exc. Greater Sydney),118011341,Bondi Junction - Waverly,Spillover,spillover,Median income,Accommodation and food services,-16.12320177257965,58.45761773379757,950,6461,-0.1612320177257965,-1041.7200665263713
P3,Capital cities only (exc. Greater Sydney),118011341,Bondi Junction - Waverly,Spillover,spillover,Median income,Arts and recreation services,-19.977359236464945,22.500271653747618,927,12327,-0.19977359236464945,-2462.609073079034
P3,Capital cities only (exc. Greater Sydney),118011341,Bondi Junction - Waverly,Spillover,spillover,Median income,Retail trade,-29.289882829717815,158.1316226685807,945,18250,-0.29289882829717817,-5345.403616423501
P3,Capital cities only (exc. Greater Sydney),118011341,Bondi Junction - Waverly,Spillover,spillover,Median income,Total,-8.815904611321294,8.656909116535775,962,21152,-0.08815904611321294,-1864.74014338668
P3,Capital cities only (exc. Greater Sydney),118011341,Bondi Junction - Waverly,Spillover,spillover,Population,Population,-5.821435114037851,0.0129541480404786,964,17195,-0.05821435114037851,-1000.9957678588086
P3,Capital cities only (exc. Greater Sydney),118011341,Bondi Junction - Waverly,Spillover,spillover,Rent,Rent (monthly avg),12.834343556900397,NA,NA,2050,0.12834343556900396,263.1040429164581
P3,Capital cities only (exc. Greater Sydney),118011345,Paddington - Moore Park,Spillover,spillover,Employment,Accommodation and food services,-5.628656648597887,0.6821904480546273,950,1.107,-0.05628656648597887,-0.06230922909997861
P3,Capital cities only (exc. Greater Sydney),118011345,Paddington - Moore Park,Spillover,spillover,Employment,Arts and recreation services,-1.7799435999791744,6.5804467879874995,921,0.292,-0.017799435999791745,-0.005197435311939189
P3,Capital cities only (exc. Greater Sydney),118011345,Paddington - Moore Park,Spillover,spillover,Employment,Retail trade,-8.678711152293799,2.828792365810098,950,0.934,-0.08678711152293798,-0.08105916216242408
P3,Capital cities only (exc. Greater Sydney),118011345,Paddington - Moore Park,Spillover,spillover,Employment,Total,-6.939603514442299,0.3502216217343428,964,14.317,-0.069396035144423,-0.993543035162704
P3,Capital cities only (exc. Greater Sydney),118011345,Paddington - Moore Park,Spillover,spillover,Median income,Accommodation and food services,-6.309716172690787,0.5643155940809048,950,7696,-0.06309716172690787,-485.59575665028296
P3,Capital cities only (exc. Greater Sydney),118011345,Paddington - Moore Park,Spillover,spillover,Median income,Arts and recreation services,-3.3973287313263207,127.38303121523566,927,15659,-0.033973287313263205,-531.9877060383885
P3,Capital cities only (exc. Greater Sydney),118011345,Paddington - Moore Park,Spillover,spillover,Median income,Retail trade,-10.367481567811724,7.565436624405695,950,18079,-0.10367481567811725,-1874.3369926446817
P3,Capital cities only (exc. Greater Sydney),118011345,Paddington - Moore Park,Spillover,spillover,Median income,Total,2.826740122936004,6.434690203759486,963,31797,0.028267401229360042,898.8185568899613
P3,Capital cities only (exc. Greater Sydney),118011345,Paddington - Moore Park,Spillover,spillover,Population,Population,-7.157299162724821,0.01785115516606558,964,15672,-0.07157299162724821,-1121.691924782234
P3,Capital cities only (exc. Greater Sydney),118011345,Paddington - Moore Park,Spillover,spillover,Rent,Rent (monthly avg),13.689432535810484,NA,NA,2032,0.13689432535810483,278.169269127669
P3,Capital cities only (exc. Greater Sydney),120021387,Balmain,Spillover,spillover,Employment,Accommodation and food services,-16.821118723646567,3.5410065638498063,950,0.655,-0.16821118723646566,-0.11017832763988501
P3,Capital cities only (exc. Greater Sydney),120021387,Balmain,Spillover,spillover,Employment,Arts and recreation services,-11.505603802488928,16.365687230343433,924,0.294,-0.11505603802488927,-0.033826475179317445
P3,Capital cities only (exc. Greater Sydney),120021387,Balmain,Spillover,spillover,Employment,Retail trade,-15.824591103358628,2.7187847214262546,950,0.662,-0.1582459110335863,-0.10475879310423412
P3,Capital cities only (exc. Greater Sydney),120021387,Balmain,Spillover,spillover,Employment,Total,-13.926052947890224,1.0357017078696955,963,13.266,-0.13926052947890225,-1.8474301840671172
P3,Capital cities only (exc. Greater Sydney),120021387,Balmain,Spillover,spillover,Median income,Accommodation and food services,1.079762822010719,2.4164014204416553,948,9195,0.01079762822010719,99.2841914838856
P3,Capital cities only (exc. Greater Sydney),120021387,Balmain,Spillover,spillover,Median income,Arts and recreation services,-13.182107065272854,1.3485705607655507,927,13773,-0.13182107065272855,-1815.5716061000303
P3,Capital cities only (exc. Greater Sydney),120021387,Balmain,Spillover,spillover,Median income,Retail trade,-10.69791123027012,15.039005327784563,950,19269,-0.10697911230270121,-2061.3805149607497
P3,Capital cities only (exc. Greater Sydney),120021387,Balmain,Spillover,spillover,Median income,Total,6.017844526810769,1.145820145238707,963,42573,0.06017844526810769,2561.976950399149
P3,Capital cities only (exc. Greater Sydney),120021387,Balmain,Spillover,spillover,Population,Population,-6.975117370328121,9.152738547895624e-4,963,15886,-0.06975117370328121,-1108.0671454503254
P3,Capital cities only (exc. Greater Sydney),120021387,Balmain,Spillover,spillover,Rent,Rent (monthly avg),11.492049378766952,NA,NA,1953,0.11492049378766951,224.43972436731855
P3,Capital cities only (exc. Greater Sydney),120021388,Leichhardt - Annandale,Spillover,spillover,Employment,Accommodation and food services,-6.3939720827419295,14.000727457017025,950,1.311,-0.06393972082741929,-0.08382497400474669
P3,Capital cities only (exc. Greater Sydney),120021388,Leichhardt - Annandale,Spillover,spillover,Employment,Arts and recreation services,-3.398419433362944,5.040720764118815,923,0.534,-0.03398419433362944,-0.01814755977415812
P3,Capital cities only (exc. Greater Sydney),120021388,Leichhardt - Annandale,Spillover,spillover,Employment,Retail trade,-4.522532315763857,0.571995308209436,950,1.35,-0.04522532315763857,-0.06105418626281207
P3,Capital cities only (exc. Greater Sydney),120021388,Leichhardt - Annandale,Spillover,spillover,Employment,Total,-7.059879866129296,8.289048313065457e-4,964,22.014,-0.07059879866129296,-1.5541619537297031
P3,Capital cities only (exc. Greater Sydney),120021388,Leichhardt - Annandale,Spillover,spillover,Median income,Accommodation and food services,-3.3188570567798124,2.4968960560478637,950,8149.5,-0.03318857056779812,-270.4702558422708
P3,Capital cities only (exc. Greater Sydney),120021388,Leichhardt - Annandale,Spillover,spillover,Median income,Arts and recreation services,12.636851739994606,38.892882800579045,925,12441,0.12636851739994606,1572.150724972729
P3,Capital cities only (exc. Greater Sydney),120021388,Leichhardt - Annandale,Spillover,spillover,Median income,Retail trade,-9.991175989301055,25.145779094003625,950,16755,-0.09991175989301056,-1674.021537007392
P3,Capital cities only (exc. Greater Sydney),120021388,Leichhardt - Annandale,Spillover,spillover,Median income,Total,3.980220151857603,15.0808181402806,963,34476,0.03980220151857603,1372.2206995544273
P3,Capital cities only (exc. Greater Sydney),120021388,Leichhardt - Annandale,Spillover,spillover,Population,Population,-6.323403792609798,0.00283362915728002,964,26300,-0.06323403792609798,-1663.0551974563768
P3,Capital cities only (exc. Greater Sydney),120021388,Leichhardt - Annandale,Spillover,spillover,Rent,Rent (monthly avg),8.62339699153867,NA,NA,1899,0.08623396991538669,163.75830886931934
P3,Capital cities only (exc. Greater Sydney),120021389,Lilyfield - Rozelle,Spillover,spillover,Employment,Accommodation and food services,-8.152357485560882,18.867494718820183,950,0.648,-0.08152357485560882,-0.05282727650643452
P3,Capital cities only (exc. Greater Sydney),120021389,Lilyfield - Rozelle,Spillover,spillover,Employment,Arts and recreation services,0.4165679149359131,1.0943453204415816,926,0.266,0.004165679149359131,0.001108070653729529
P3,Capital cities only (exc. Greater Sydney),120021389,Lilyfield - Rozelle,Spillover,spillover,Employment,Retail trade,-3.74565640724987,3.630906169305069,950,0.623,-0.0374565640724987,-0.02333543941716669
P3,Capital cities only (exc. Greater Sydney),120021389,Lilyfield - Rozelle,Spillover,spillover,Employment,Total,-5.342142954974953,0.8684789302995017,964,11.495,-0.05342142954974953,-0.6140793326743708
P3,Capital cities only (exc. Greater Sydney),120021389,Lilyfield - Rozelle,Spillover,spillover,Median income,Accommodation and food services,-3.480413865826241,99.00422665904765,949,8382,-0.03480413865826241,-291.7282902335555
P3,Capital cities only (exc. Greater Sydney),120021389,Lilyfield - Rozelle,Spillover,spillover,Median income,Arts and recreation services,-12.654883198997515,421.2278023629477,927,13288,-0.12654883198997516,-1681.58087948279
P3,Capital cities only (exc. Greater Sydney),120021389,Lilyfield - Rozelle,Spillover,spillover,Median income,Retail trade,-18.849019042870516,2.627549396420659,950,19070,-0.18849019042870516,-3594.5079314754075
P3,Capital cities only (exc. Greater Sydney),120021389,Lilyfield - Rozelle,Spillover,spillover,Median income,Total,6.005945357238734,11.843819144712835,963,39388,0.060059453572387345,2365.6217573091926
P3,Capital cities only (exc. Greater Sydney),120021389,Lilyfield - Rozelle,Spillover,spillover,Population,Population,-6.939113199146189,0.00226602641445715,964,14031,-0.0693911319914619,-973.6269729722019
P3,Capital cities only (exc. Greater Sydney),120021389,Lilyfield - Rozelle,Spillover,spillover,Rent,Rent (monthly avg),15.111642527816924,NA,NA,1965,0.15111642527816924,296.94377567160257
P3,Capital cities only (exc. Greater Sydney),117031329,Darlinghurst,Full,treated,Employment,Accommodation and food services,-12.262539750230616,3.297259284415758,950,1.76,-0.12262539750230615,-0.21582069960405884
P3,Capital cities only (exc. Greater Sydney),117031329,Darlinghurst,Full,treated,Employment,Retail trade,-5.751898842166445,10.182186269404417,950,0.804,-0.057518988421664446,-0.046245266691018215
P3,Capital cities only (exc. Greater Sydney),117031329,Darlinghurst,Full,treated,Employment,Total,-4.198585573089484,0.9744882409125404,964,13.419,-0.04198585573089484,-0.5634081980528779
P3,Capital cities only (exc. Greater Sydney),117031329,Darlinghurst,Full,treated,Median income,Accommodation and food services,-3.2204834537620406,7.52484123823065,947,7085,-0.03220483453762041,-228.1712526990406
P3,Capital cities only (exc. Greater Sydney),117031329,Darlinghurst,Full,treated,Median income,Retail trade,7.886035724658835,19.626464834691248,949,15451,0.07886035724658835,1218.4713798170367
P3,Capital cities only (exc. Greater Sydney),117031329,Darlinghurst,Full,treated,Median income,Total,3.1486211090135705,7.310387404190393,963,19963,0.031486211090135705,628.5592319923791
P3,Capital cities only (exc. Greater Sydney),117031329,Darlinghurst,Full,treated,Population,Population,-18.32498835430251,0.00165391874544378,964,11251,-0.18324988354302507,-2061.744439742575
P3,Capital cities only (exc. Greater Sydney),117031329,Darlinghurst,Full,treated,Rent,Rent (monthly avg),11.025220464869008,NA,NA,1967,0.11025220464869008,216.86608654397338
P3,Capital cities only (exc. Greater Sydney),117031333,Potts Point - Woolloomooloo,Full,treated,Employment,Accommodation and food services,-13.523686956372872,0.6153556943724106,950,2.951,-0.1352368695637287,-0.39908400208256345
P3,Capital cities only (exc. Greater Sydney),117031333,Potts Point - Woolloomooloo,Full,treated,Employment,Arts and recreation services,-4.489782880081518,24.159358093858877,925,0.511,-0.04489782880081518,-0.022942790517216555
P3,Capital cities only (exc. Greater Sydney),117031333,Potts Point - Woolloomooloo,Full,treated,Employment,Retail trade,-7.9035565846809535,5.026867843262387,950,1.415,-0.07903556584680954,-0.11183532567323551
P3,Capital cities only (exc. Greater Sydney),117031333,Potts Point - Woolloomooloo,Full,treated,Employment,Total,-6.357008666087917,1.4634365157763165,964,24.612,-0.06357008666087917,-1.564586972897558
P3,Capital cities only (exc. Greater Sydney),117031333,Potts Point - Woolloomooloo,Full,treated,Median income,Accommodation and food services,-2.003979472022479,6.346239783873791,949,6693,-0.02003979472022479,-134.1263460624645
P3,Capital cities only (exc. Greater Sydney),117031333,Potts Point - Woolloomooloo,Full,treated,Median income,Arts and recreation services,3.232463778120767,31.868209516945857,927,10369,0.03232463778120767,335.17416915334235
P3,Capital cities only (exc. Greater Sydney),117031333,Potts Point - Woolloomooloo,Full,treated,Median income,Retail trade,6.778401502206833,10.24362592019909,950,14126,0.06778401502206834,957.5169962017374
P3,Capital cities only (exc. Greater Sydney),117031333,Potts Point - Woolloomooloo,Full,treated,Median income,Total,14.050739791992784,7.1248204671724915,962,15069,0.14050739791992783,2117.3059792553927
P3,Capital cities only (exc. Greater Sydney),117031333,Potts Point - Woolloomooloo,Full,treated,Population,Population,-8.490785699547514,0.06960921468475077,964,20247,-0.08490785699547514,-1719.1293805873852
P3,Capital cities only (exc. Greater Sydney),117031333,Potts Point - Woolloomooloo,Full,treated,Rent,Rent (monthly avg),7.324398388417908,NA,NA,1835,0.07324398388417908,134.4027104274686
P3,Capital cities only (exc. Greater Sydney),117031334,Pyrmont - Ultimo,Partial,treated,Employment,Accommodation and food services,-17.739190903359518,1.4254234569797505e-5,950,3.617,-0.17739190903359517,-0.6416265349745137
P3,Capital cities only (exc. Greater Sydney),117031334,Pyrmont - Ultimo,Partial,treated,Employment,Arts and recreation services,12.249814270057646,1.0721404945063882,927,0.544,0.12249814270057646,0.0666389896291136
P3,Capital cities only (exc. Greater Sydney),117031334,Pyrmont - Ultimo,Partial,treated,Employment,Retail trade,2.267400849957459,6.989485689781131,950,1.546,0.02267400849957459,0.035054017140342314
P3,Capital cities only (exc. Greater Sydney),117031334,Pyrmont - Ultimo,Partial,treated,Employment,Total,-9.690357068370728,0.06650457984652079,963,22.047,-0.09690357068370728,-2.1364330228636943
P3,Capital cities only (exc. Greater Sydney),117031334,Pyrmont - Ultimo,Partial,treated,Median income,Accommodation and food services,-11.207552631764704,7.449172184976894e-4,950,6579.5,-0.11207552631764704,-737.4009254069587
P3,Capital cities only (exc. Greater Sydney),117031334,Pyrmont - Ultimo,Partial,treated,Median income,Arts and recreation services,-31.252907007593468,2.519997137869272,927,25000,-0.31252907007593467,-7813.226751898366
P3,Capital cities only (exc. Greater Sydney),117031334,Pyrmont - Ultimo,Partial,treated,Median income,Retail trade,-14.599078435749677,60.006918519101845,950,10802,-0.14599078435749677,-1576.99245262968
P3,Capital cities only (exc. Greater Sydney),117031334,Pyrmont - Ultimo,Partial,treated,Median income,Total,-13.123264196719042,0.7329384329789859,959,17443.5,-0.13123264196719042,-2289.156590154686
P3,Capital cities only (exc. Greater Sydney),117031334,Pyrmont - Ultimo,Partial,treated,Population,Population,-10.509768370308825,0.00598538612978441,964,20823,-0.10509768370308825,-2188.449067749407
P3,Capital cities only (exc. Greater Sydney),117031334,Pyrmont - Ultimo,Partial,treated,Rent,Rent (monthly avg),9.108780726730886,NA,NA,2072,0.09108780726730886,188.73393665786395
P3,Capital cities only (exc. Greater Sydney),117031336,Surry Hills,Partial,treated,Employment,Accommodation and food services,-1.1424392826994063,0.7020168876282208,950,2.481,-0.011424392826994064,-0.02834391860377227
P3,Capital cities only (exc. Greater Sydney),117031336,Surry Hills,Partial,treated,Employment,Retail trade,-2.5344444090807037,3.2123914666117948,950,1.266,-0.025344444090807036,-0.032086066218961706
P3,Capital cities only (exc. Greater Sydney),117031336,Surry Hills,Partial,treated,Employment,Total,0.419134481712824,0.06321132384642973,964,19.175,0.0041913448171282406,0.08036903686843401
P3,Capital cities only (exc. Greater Sydney),117031336,Surry Hills,Partial,treated,Median income,Accommodation and food services,-7.998110942286992,6.093795333314873,950,7700,-0.07998110942286991,-615.8545425560983
P3,Capital cities only (exc. Greater Sydney),117031336,Surry Hills,Partial,treated,Median income,Retail trade,-11.588876074244364,23.63859701595663,949,17811,-0.11588876074244364,-2064.0947175836636
P3,Capital cities only (exc. Greater Sydney),117031336,Surry Hills,Partial,treated,Median income,Total,-7.28564008467482,19.101996073005253,962,22667,-0.0728564008467482,-1651.4360379932414
P3,Capital cities only (exc. Greater Sydney),117031336,Surry Hills,Partial,treated,Population,Population,-4.387796611560927,0.00521778862664309,962,16961,-0.04387796611560927,-744.2141832868488
P3,Capital cities only (exc. Greater Sydney),117031336,Surry Hills,Partial,treated,Rent,Rent (monthly avg),12.071395858203752,NA,NA,1834,0.12071395858203753,221.38940003945683
P3,Capital cities only (exc. Greater Sydney),117031337,Sydney - Haymarket - The Rocks,Full,treated,Employment,Accommodation and food services,7.661670966852914,0.4040327958174482,950,10.362,0.07661670966852914,0.7939023455852989
P3,Capital cities only (exc. Greater Sydney),117031337,Sydney - Haymarket - The Rocks,Full,treated,Employment,Arts and recreation services,21.29525031484319,0.6843789525001682,926,0.622,0.21295250314843192,0.13245645695832464
P3,Capital cities only (exc. Greater Sydney),117031337,Sydney - Haymarket - The Rocks,Full,treated,Employment,Retail trade,8.692253712625366,9.435365298913034,949,2.829,0.08692253712625365,0.2459038575301716
P3,Capital cities only (exc. Greater Sydney),117031337,Sydney - Haymarket - The Rocks,Full,treated,Employment,Total,8.326182274440386,0.23616518375996276,964,43.906,0.08326182274440386,3.6556935894157956
P3,Capital cities only (exc. Greater Sydney),117031337,Sydney - Haymarket - The Rocks,Full,treated,Median income,Accommodation and food services,3.707521288315469,1.810582317603247e-4,950,5669,0.03707521288315469,210.17938183460396
P3,Capital cities only (exc. Greater Sydney),117031337,Sydney - Haymarket - The Rocks,Full,treated,Median income,Arts and recreation services,-14.258409550759175,0.00416197209876114,927,7170,-0.14258409550759177,-1022.3279647894329
P3,Capital cities only (exc. Greater Sydney),117031337,Sydney - Haymarket - The Rocks,Full,treated,Median income,Retail trade,-4.430991044167638,13.51599209074324,948,8909,-0.044309910441676384,-394.7569921248949
P3,Capital cities only (exc. Greater Sydney),117031337,Sydney - Haymarket - The Rocks,Full,treated,Median income,Total,5.123469795524611,31.230345522194625,961,7215,0.05123469795524611,369.65834574710067
P3,Capital cities only (exc. Greater Sydney),117031337,Sydney - Haymarket - The Rocks,Full,treated,Population,Population,-14.425098030447886,0.00206739700216646,964,25763,-0.14425098030447886,-3716.338005584289
P3,Capital cities only (exc. Greater Sydney),117031337,Sydney - Haymarket - The Rocks,Full,treated,Rent,Rent (monthly avg),17.72511412510638,NA,NA,2262,0.1772511412510638,400.94208150990636
P4,NA,117031329,Darlinghurst,Full,NA,Rent,Rent (monthly avg),10.437698335122025,NA,NA,1967,0.10437698335122025,205.30952625185023
P4,NA,117031333,Potts Point - Woolloomooloo,Full,NA,Rent,Rent (monthly avg),6.64655420046088,NA,NA,1835,0.0664655420046088,121.96426957845715
P4,NA,117031334,Pyrmont - Ultimo,Partial,NA,Rent,Rent (monthly avg),8.519380008205264,NA,NA,2072,0.08519380008205264,176.52155377001307
P4,NA,117031336,Surry Hills,Partial,NA,Rent,Rent (monthly avg),11.425462256113072,NA,NA,1834,0.11425462256113071,209.54297777711372
P4,NA,117031337,Sydney - Haymarket - The Rocks,Full,NA,Rent,Rent (monthly avg),16.048430022882567,NA,NA,2262,0.16048430022882568,363.0154871176037
